DROP TABLE LECTURE_TBL;
DROP TABLE ENROLL_TBL;
DROP TABLE STUDENT_TBL;
DROP TABLE COURSE_TBL;
DROP TABLE PROFESSOR_TBL;


CREATE TABLE PROFESSOR_TBL(
    PRO_NO          VARCHAR2(5 BYTE)       NOT  NULL,
    PRO_NAME        VARCHAR2(30 BYTE)      NULL     ,
    PRO_MAJ         VARCHAR2(30 BYTE)      NULL     ,
    CONSTRAINT PK_PROF PRIMARY KEY(PRO_NO)
);

CREATE TABLE COURSE_TBL(
    COURSE_NO      VARCHAR2(5 BYTE)        NOT NULL,
    COURSE_NAME    VARCHAR2(20 BYTE)       NULL    ,
    COURSE_SCORE   NUMBER(1)               NULL
    CONSTRAINT PK_COURSE PRIMARY KEY(COURSE_NO)
);


CREATE TABLE STUDENT_TBL(
    STU_NO        VARCHAR2(5 BYTE)         NOT NULL,
    STU_NAME      VARCHAR2(10 BYTE)        NULL    ,
    STU_ADDR      VARCHAR2(50 BYTE)        NULL    ,
    STU_GRADE     NUMBER(1)                NULL    ,
    STU_PRONO     VARCHAR2(10 BYTE)        NOT NULL,
    CONSTRAINT PK_STUDENT FOREIGN KEY(STU_NO),
    CONSTRAINT FK_STUDENT FOREIGN KEY(STU_PRONO) REFERENCES PROFESSOR_TBL(PRO_NO)
);

CREATE TABLE ENROLL_TBL(
    ENROLL_APPLYNO     NUMBER                   NOT NULL, 
    ENROLL_NO          VARCHAR2(5 BYTE)         NOT NULL,
    ENROLL_COURSE_NO   VARCHAR2(5 BYTE)         NOT NULL,
    ENROLL_DATE        DATE                     NULL    ,
    CONSTRAINT PK_ENROLL PRIMARY KEY(ENROLL_APPLYNO),
    CONSTRAINT FK_ENROLL FOREIGN KEY(ENROLL_COURSE_NO) REFERENCES COURSE_TBL(COURSE_NO) ON DELETE CASCADE
    CONSTRAINT FK_ENROLL FOREIGN KEY(ENROLL_APPLYNO) REFERENCES LECTURE_TBL(LECTURE_APPLYNO) ON DELETE CASCADE
);

CREATE TABLE LECTURE_TBL(
    LECTURE_NO      NUMBER                 NOT NULL,
    LECTURE_PRONO   VARCHAR2(5 BYTE)       NULL    ,
    LECTURE_APPLYNO NUMBER                 NULL    ,
    LECTURE_NAME    VARCHAR2(100 BYTE)     NULL    ,
    LECTURE_ROOM    VARCHAR2(100 BYTE)     NULL    ,
    CONSTRAINT PK_LECTURE PRIMARY KEY(LECTURE_NO)  ,
    CONSTRAINT FK_PROF_LECTURE FOREIGN KEY(LECTURE_PRONO) REFERENCES PROFESSOR_TBL(PRO_NO),
    CONSTRAINT FK_ENROLL_LECTURE FOREIGN KEY(LECTURE_APPLYNO) REFERENCES ENROLL_TBL(ENROLL_APPLYNO)
);

INSERT INTO PROFESSOR_TBL(PRO_NO, PRO_NAME, PRO_MAJ) VALUES('P0001', '김교수', '컴퓨터');
INSERT INTO PROFESSOR_TBL(PRO_NO, PRO_NAME, PRO_MAJ) VALUES('P0002', '박교수', '컴퓨터');
INSERT INTO PROFESSOR_TBL(PRO_NO, PRO_NAME, PRO_MAJ) VALUES('P0003', '이교수', '컴퓨터');


INSERT INTO COURSE_TBL(COURSE_NO, COURSE_NAME, COURSE_SCORE) VALUES('CE001', '자바', 3);
INSERT INTO COURSE_TBL(COURSE_NO, COURSE_NAME, COURSE_SCORE) VALUES('CE002', '데이터베이스', 3);
INSERT INTO COURSE_TBL(COURSE_NO, COURSE_NAME, COURSE_SCORE) VALUES('CE003', '서버프로그램', 3);

INSERT INTO STUDENT_TBL(STU_NO, STU_NAME, STU_ADDR, STU_GRADE, STU_PRONO) VALUES('21001', '고길동', '서울', 3, 'P0001');
INSERT INTO STUDENT_TBL(STU_NO, STU_NAME, STU_ADDR, STU_GRADE, STU_PRONO) VALUES('21002', '최무배', '경기', 3, 'P0002');
INSERT INTO STUDENT_TBL(STU_NO, STU_NAME, STU_ADDR, STU_GRADE, STU_PRONO) VALUES('22001', '강우림', '인천', 2, 'P0003');
INSERT INTO STUDENT_TBL(STU_NO, STU_NAME, STU_ADDR, STU_GRADE, STU_PRONO) VALUES('22002', '지수아', '제주', 2, 'P0001');
INSERT INTO STUDENT_TBL(STU_NO, STU_NAME, STU_ADDR, STU_GRADE, STU_PRONO) VALUES('23001', '김예림', '대구', 1, 'P0002');
INSERT INTO STUDENT_TBL(STU_NO, STU_NAME, STU_ADDR, STU_GRADE, STU_PRONO) VALUES('23002', '나태진', '광주', 1, 'P0003');

DROP SEQUENCE ENROLL_SEQ;
CREATE SEQUENCE ENROLL_SEQ ORDER;
INSERT INTO ENROLL_TBL(ENROLL_APPLYNO, ENROLL_NO, ENROLL_COURSE_NO, ENROLL_DATE) VALUES (ENROLL_SEQ.NEXTVAL, '21001', 'CE001', '23-02-25');
INSERT INTO ENROLL_TBL(ENROLL_APPLYNO, ENROLL_NO, ENROLL_COURSE_NO, ENROLL_DATE) VALUES (ENROLL_SEQ.NEXTVAL, '21001', 'CE002', '23-02-25');
INSERT INTO ENROLL_TBL(ENROLL_APPLYNO, ENROLL_NO, ENROLL_COURSE_NO, ENROLL_DATE) VALUES (ENROLL_SEQ.NEXTVAL, '21001', 'CE003', '23-02-25');

DROP SEQUENCE LEC_SEQ;
CREATE SEQUENCE LEC_SEQ ORDER;
INSERT INTO LECTURE_TB(LECTURE_NO, LECTURE_PRONO, LECTURE_APPLYNO, LECTURE_NAME, LECTURE_ROOM) VALUES (LEC_SEQ.NEXTVAL, 'P0001', 1, '자바완전정복', '101호');
INSERT INTO LECTURE_TB(LECTURE_NO, LECTURE_PRONO, LECTURE_APPLYNO, LECTURE_NAME, LECTURE_ROOM) VALUES (LEC_SEQ.NEXTVAL, 'P0002', 1, '자바완전정복', '102호');
INSERT INTO LECTURE_TB(LECTURE_NO, LECTURE_PRONO, LECTURE_APPLYNO, LECTURE_NAME, LECTURE_ROOM) VALUES (LEC_SEQ.NEXTVAL, 'P0003', 1, '자바완전정복', '103호');

COMMIT;